,filename,width,height,class,xmin,ymin,xmax,ymax
0,000.jpg,1200,800,car_rear,75,29,549,398
1,000.jpg,1200,800,plate,200,244,388,294
2,000.jpg,1200,800,car_front,110,227,1100,688
3,000.jpg,1200,800,plate,409,505,794,590
4,001.jpg,1200,900,car_front,190,459,934,727
5,001.jpg,1200,900,plate,421,623,716,681
6,002.jpg,442,409,car_front,2,199,442,383
7,002.jpg,442,409,plate,124,305,298,342
8,003.jpg,1200,900,car_rear,171,364,1178,752
9,003.jpg,1200,900,plate,515,495,852,560
10,004.jpg,800,600,car_rear,160,241,506,421
11,004.jpg,800,600,plate,276,282,385,306
12,005.jpg,954,629,car_rear,144,206,848,501
13,005.jpg,954,629,plate,386,282,603,329
14,006.jpg,721,660,car_rear,48,43,490,518
15,006.jpg,721,660,plate,196,325,322,368
16,007.jpg,1600,1066,car_front,253,433,1086,791
17,007.jpg,1600,1066,plate,587,692,865,767
18,008.jpg,460,350,car_rear,53,205,260,322
19,008.jpg,460,350,plate,109,229,178,247
20,009.jpg,640,480,car_rear,52,209,269,304
21,009.jpg,640,480,plate,123,225,196,241
22,009.jpg,640,480,car_rear,410,202,594,288
23,009.jpg,640,480,plate,480,217,539,230
24,010.jpg,1600,1074,car_front,98,502,937,875
25,010.jpg,1600,1074,plate,307,722,594,822
26,011.jpg,1300,851,car_front,192,371,666,657
27,011.jpg,1300,851,plate,297,557,471,653
28,012.jpg,640,480,car_rear,65,218,585,417
29,012.jpg,640,480,plate,234,273,412,310
30,013.jpg,640,480,car_front,102,220,550,403
31,013.jpg,640,480,plate,248,332,415,364
32,014.jpg,640,480,car_front,136,195,487,310
33,014.jpg,640,480,plate,260,273,376,296
34,015.jpg,640,480,car_rear,144,35,536,404
35,015.jpg,640,480,plate,266,249,383,273
36,016.jpg,640,480,car_front,169,202,429,349
37,016.jpg,640,480,plate,223,283,302,309
38,017.jpg,1600,1035,car_front,826,468,1124,721
39,017.jpg,1600,1035,plate,975,636,1067,695
40,017.jpg,1600,1035,car_rear,257,328,369,391
41,017.jpg,1600,1035,plate,299,348,342,362
42,017.jpg,1600,1035,car_front,1212,463,1405,586
43,017.jpg,1600,1035,plate,1345,526,1397,556
44,018.jpg,1020,655,car_rear,440,397,990,615
45,018.jpg,1020,655,plate,645,451,817,484
46,019.jpg,1536,1024,car_front,573,470,1330,846
47,019.jpg,1536,1024,plate,876,747,1120,833
48,020.jpg,500,300,car_rear,1,1,500,285
49,020.jpg,500,300,plate,154,88,351,127
50,021.jpg,640,480,car_front,224,160,499,278
51,021.jpg,640,480,plate,297,240,379,260
52,021.jpg,640,480,car_front,1,2,164,262
53,021.jpg,640,480,plate,7,230,57,245
54,023.jpg,640,480,car_rear,149,129,488,396
55,023.jpg,640,480,plate,263,282,381,306
56,024.jpg,640,480,car_rear,84,149,499,393
57,024.jpg,640,480,plate,189,215,337,259
58,025.jpg,425,222,car_rear,1,98,317,222
59,025.jpg,425,222,plate,99,132,200,153
60,026.jpg,1600,1066,car_front,282,481,1348,985
61,026.jpg,1600,1066,plate,618,876,993,969
62,027.jpg,1600,1201,car_front,180,524,1156,896
63,027.jpg,1600,1201,plate,496,823,757,885
64,028.jpg,1024,673,car_rear,472,366,846,564
65,028.jpg,1024,673,plate,609,421,729,452
66,029.jpg,1600,1071,car_front,404,532,1209,847
67,029.jpg,1600,1071,plate,632,687,892,751
68,030.jpg,1024,672,car_front,642,408,894,575
69,030.jpg,1024,672,plate,759,526,835,563
70,030.jpg,1024,672,car_front,671,256,791,321
71,030.jpg,1024,672,plate,728,287,770,299
72,031.jpg,1600,1065,car_rear,120,407,704,883
73,031.jpg,1600,1065,plate,262,536,464,627
74,032.jpg,1200,835,car_rear,109,313,770,691
75,032.jpg,1200,835,plate,312,372,516,420
76,033.jpg,648,430,car_front,26,223,388,368
77,033.jpg,648,430,plate,132,310,239,334
78,034.jpg,665,418,car_front,93,182,548,366
79,034.jpg,665,418,plate,267,319,419,355
80,035.jpg,1042,793,car_rear,18,92,932,719
81,035.jpg,1042,793,plate,317,582,605,650
82,036.jpg,1599,1280,car_front,718,567,1489,1032
83,036.jpg,1599,1280,plate,1120,792,1379,914
84,037.jpg,1023,618,car_rear,480,381,868,525
85,037.jpg,1023,618,plate,632,439,738,463
86,037.jpg,1023,618,car_rear,825,374,1023,475
87,037.jpg,1023,618,plate,924,427,970,445
88,037.jpg,1023,618,car_rear,148,386,351,467
89,037.jpg,1023,618,plate,207,427,251,443
90,037.jpg,1023,618,car_rear,1,329,97,452
91,037.jpg,1023,618,plate,1,384,35,396
92,038.jpg,1600,1063,car_front,536,394,1432,868
93,038.jpg,1600,1063,plate,976,738,1282,855
94,039.jpg,1024,846,car_front,697,532,961,685
95,039.jpg,1024,846,plate,801,647,904,681
96,039.jpg,1024,846,car_rear,41,381,277,610
97,039.jpg,1024,846,plate,134,478,217,502
98,040.jpg,1600,1066,car_front,395,527,1193,933
99,040.jpg,1600,1066,plate,758,814,1008,909
100,041.jpg,645,435,car_front,189,237,468,386
101,041.jpg,645,435,plate,257,305,357,347
102,041.jpg,645,435,car_front,122,116,266,207
103,041.jpg,645,435,plate,148,154,197,176
104,042.jpg,1000,667,car_rear,211,270,770,531
105,042.jpg,1000,667,plate,409,324,594,363
106,043.jpg,1009,607,car_rear,495,31,919,521
107,043.jpg,1009,607,plate,672,276,818,354
108,044.jpg,1600,1200,car_rear,198,79,1145,849
109,044.jpg,1600,1200,plate,401,439,732,523
110,045.jpg,1600,1200,car_front,57,401,1145,1040
111,045.jpg,1600,1200,plate,128,665,467,844
112,046.jpg,960,714,car_front,340,383,948,639
113,046.jpg,960,714,plate,628,541,827,590
114,046.jpg,960,714,car_rear,561,67,675,163
115,046.jpg,960,714,plate,590,115,625,127
116,047.jpg,1500,1000,car_rear,792,87,1430,608
117,047.jpg,1500,1000,plate,1040,350,1235,393
118,047.jpg,1500,1000,car_rear,1,1,574,997
119,047.jpg,1500,1000,plate,141,589,427,813
120,047.jpg,1500,1000,car_rear,323,4,682,640
121,048.jpg,1000,750,car_front,163,526,541,682
122,048.jpg,1000,750,plate,275,612,419,642
123,049.jpg,640,480,car_rear,156,226,450,353
124,049.jpg,640,480,plate,256,272,357,296
125,050.jpg,640,480,car_rear,114,234,593,473
126,050.jpg,640,480,plate,287,282,448,317
127,051.jpg,700,432,car_front,64,195,282,350
128,051.jpg,700,432,plate,85,314,149,342
129,051.jpg,700,432,car_front,641,188,700,248
130,051.jpg,700,432,plate,660,233,700,250
131,053.jpg,790,526,car_rear,12,71,378,456
132,053.jpg,790,526,plate,120,272,222,308
133,054.jpg,800,600,car_rear,91,218,276,406
134,054.jpg,800,600,plate,133,315,189,349
135,055.jpg,1600,1200,car_front,83,725,611,1012
136,055.jpg,1600,1200,plate,240,890,402,939
137,056.jpg,460,350,car_rear,95,145,363,269
138,056.jpg,460,350,plate,183,181,278,205
139,056.jpg,460,350,car_rear,322,107,451,195
140,056.jpg,460,350,plate,352,156,401,171
141,057.jpg,1280,960,car_front,418,393,1121,792
142,057.jpg,1280,960,plate,759,669,984,737
143,057.jpg,1280,960,car_front,1,213,122,281
144,057.jpg,1280,960,plate,35,250,82,260
145,058.jpg,720,540,car_rear,185,133,495,348
146,058.jpg,720,540,plate,282,257,395,284
147,059.jpg,400,300,car_front,167,118,374,204
148,059.jpg,400,300,plate,243,171,315,189
149,059.jpg,400,300,car_front,7,30,43,47
150,059.jpg,400,300,plate,19,40,32,44
151,060.jpg,1600,1071,car_rear,197,491,949,907
152,060.jpg,1600,1071,plate,416,569,668,649
153,061.jpg,1600,1071,car_front,576,593,1216,900
154,061.jpg,1600,1071,plate,859,787,1045,837
155,062.jpg,1600,1057,car_rear,350,262,1000,814
156,062.jpg,1600,1057,plate,529,491,745,553
157,062.jpg,1600,1057,car_rear,1,396,235,712
158,062.jpg,1600,1057,plate,1,498,93,534
159,063.jpg,1600,1071,car_front,259,515,972,914
160,063.jpg,1600,1071,plate,372,731,602,812
161,064.jpg,1600,1200,car_rear,189,136,876,916
162,064.jpg,1600,1200,plate,295,574,543,654
163,065.jpg,1600,1128,car_rear,408,293,1180,912
164,065.jpg,1600,1128,plate,678,601,919,655
165,066.jpg,1600,1200,car_rear,770,312,1338,818
166,066.jpg,1600,1200,plate,1003,470,1206,610
167,066.jpg,1600,1200,car_rear,1453,90,1563,238
168,066.jpg,1600,1200,plate,1506,124,1548,151
169,066.jpg,1600,1200,car_rear,56,242,212,396
170,067.jpg,800,600,car_front,13,271,174,394
171,067.jpg,800,600,plate,39,359,90,390
172,067.jpg,800,600,car_front,190,330,531,573
173,067.jpg,800,600,plate,261,478,364,546
174,068.jpg,1600,1200,car_rear,599,124,1363,922
175,068.jpg,1600,1200,plate,1011,437,1242,552
176,068.jpg,1600,1200,car_rear,1316,229,1470,316
177,068.jpg,1600,1200,plate,1353,248,1402,262
178,069.jpg,1600,1200,car_rear,138,396,936,958
179,069.jpg,1600,1200,plate,339,505,621,650
180,069.jpg,1600,1200,car_front,416,170,477,208
181,069.jpg,1600,1200,plate,421,186,443,195
182,070.jpg,1600,1071,car_rear,388,502,931,857
183,070.jpg,1600,1071,plate,524,587,710,637
184,071.jpg,1600,1071,car_rear,638,479,1313,925
185,071.jpg,1600,1071,plate,988,724,1196,813
186,071.jpg,1600,1071,car_rear,907,168,1042,330
187,071.jpg,1600,1071,plate,925,311,965,320
188,071.jpg,1600,1071,car_rear,148,266,214,329
189,071.jpg,1600,1071,plate,159,291,189,303
190,072.jpg,1600,1070,car_rear,152,458,840,866
191,072.jpg,1600,1070,plate,351,729,579,787
192,073.jpg,1600,1071,car_rear,143,482,821,830
193,073.jpg,1600,1071,plate,359,565,582,625
194,073.jpg,1600,1071,car_rear,1033,368,1350,560
195,074.jpg,1600,1200,car_rear,308,265,1288,848
196,074.jpg,1600,1200,plate,502,640,834,771
197,075.jpg,1600,1200,car_rear,644,128,1313,798
198,075.jpg,1600,1200,plate,907,595,1176,668
199,076.jpg,1600,1071,car_front,427,513,1118,964
200,076.jpg,1600,1071,plate,520,735,728,832
201,076.jpg,1600,1071,car_front,439,276,609,377
202,076.jpg,1600,1071,plate,461,333,517,352
203,077.jpg,1600,1200,car_front,217,317,433,463
204,077.jpg,1600,1200,plate,236,410,296,443
205,077.jpg,1600,1200,car_front,281,381,1028,822
206,077.jpg,1600,1200,plate,397,576,649,681
207,078.jpg,1600,1200,car_front,765,389,1428,868
208,078.jpg,1600,1200,plate,1134,612,1373,744
209,079.jpg,1600,1071,car_rear,242,487,851,923
210,079.jpg,1600,1071,plate,368,577,586,661
211,079.jpg,1600,1071,car_front,261,270,421,373
212,079.jpg,1600,1071,plate,278,327,339,348
213,080.jpg,1600,1200,car_front,284,476,1001,962
214,080.jpg,1600,1200,plate,319,722,520,856
215,081.jpg,1600,1200,car_rear,571,19,1402,899
216,081.jpg,1600,1200,plate,1010,349,1289,442
217,082.jpg,1600,1200,car_rear,966,318,1580,904
218,082.jpg,1600,1200,plate,1293,449,1486,542
219,082.jpg,1600,1200,car_front,1,413,87,461
220,082.jpg,1600,1200,plate,17,433,63,449
221,083.jpg,1600,1071,car_rear,403,421,1175,894
222,083.jpg,1600,1071,plate,594,771,881,862
223,084.jpg,1600,1071,car_front,304,530,1057,879
224,084.jpg,1600,1071,plate,455,728,711,802
225,085.jpg,1600,1071,car_front,427,563,1180,895
226,085.jpg,1600,1071,plate,750,743,998,799
227,086.jpg,1600,1200,car_rear,193,41,1026,954
228,086.jpg,1600,1200,plate,415,530,697,620
229,087.jpg,1600,1200,car_rear,540,436,1086,740
230,087.jpg,1600,1200,plate,711,515,904,558
231,087.jpg,1600,1200,car_rear,366,351,640,562
232,087.jpg,1600,1200,plate,462,439,559,466
233,087.jpg,1600,1200,car_rear,1123,355,1311,490
234,087.jpg,1600,1200,plate,1192,458,1249,478
235,087.jpg,1600,1200,car_rear,1363,352,1504,460
236,087.jpg,1600,1200,plate,1414,399,1459,414
237,087.jpg,1600,1200,car_rear,615,267,692,336
238,087.jpg,1600,1200,plate,641,306,666,316
239,088.jpg,1600,1071,car_front,212,467,784,882
240,088.jpg,1600,1071,plate,259,617,421,691
241,089.jpg,800,516,car_front,25,149,769,474
242,089.jpg,800,516,plate,280,407,540,458
243,090.jpg,1600,1071,car_rear,269,449,984,824
244,090.jpg,1600,1071,plate,479,553,708,612
245,090.jpg,1600,1071,car_rear,1238,345,1600,576
246,090.jpg,1600,1071,plate,1379,407,1534,444
247,091.jpg,1600,1071,car_rear,731,489,1404,878
248,091.jpg,1600,1071,plate,1042,575,1252,633
249,092.jpg,2048,1152,car_front,500,403,1541,803
250,092.jpg,2048,1152,plate,825,668,1232,758
251,093.jpg,1600,1200,car_front,590,330,1531,915
252,093.jpg,1600,1200,plate,1202,638,1475,775
253,094.jpg,1600,1128,car_rear,582,435,1217,979
254,094.jpg,1600,1128,plate,802,669,1015,731
255,095.jpg,1793,1498,car_rear,118,95,1731,1427
256,095.jpg,1793,1498,plate,685,735,1252,856
257,096.jpg,1600,1071,car_front,749,513,1390,929
258,096.jpg,1600,1071,plate,1105,737,1302,830
259,096.jpg,1600,1071,car_front,1360,406,1600,619
260,096.jpg,1600,1071,plate,1543,519,1600,549
261,097.jpg,1600,1071,car_front,350,503,1213,868
262,097.jpg,1600,1071,plate,631,683,912,762
263,098.jpg,1600,1200,car_rear,151,300,866,953
264,098.jpg,1600,1200,plate,287,419,543,561
265,099.jpg,1600,1200,car_front,172,562,591,769
266,099.jpg,1600,1200,plate,277,703,421,758
267,100.jpg,1600,1200,car_rear,630,380,1420,952
268,100.jpg,1600,1200,plate,990,479,1275,606
269,101.jpg,1024,768,car_front,539,412,908,623
270,101.jpg,1024,768,plate,690,536,806,570
271,101.jpg,1024,768,car_rear,1,400,163,468
272,101.jpg,1024,768,plate,50,417,112,434
273,102.jpg,1024,768,car_rear,643,416,1001,606
274,102.jpg,1024,768,plate,765,464,894,506
275,102.jpg,1024,768,car_rear,256,348,416,423
276,102.jpg,1024,768,plate,312,366,369,379
277,103.jpg,1024,768,car_front,92,373,440,675
278,103.jpg,1024,768,plate,167,480,295,566
279,104.jpg,1024,768,car_front,582,387,941,685
280,104.jpg,1024,768,plate,730,531,872,628
281,105.jpg,1024,768,car_front,64,366,624,688
282,105.jpg,1024,768,plate,199,529,400,617
283,106.jpg,1024,768,car_front,643,367,989,664
284,106.jpg,1024,768,plate,846,501,940,601
285,107.jpg,1024,768,car_front,108,444,391,643
286,107.jpg,1024,768,plate,128,547,215,603
287,108.jpg,1024,768,car_front,609,414,1008,630
288,108.jpg,1024,768,plate,779,501,915,570
289,108.jpg,1024,768,car_rear,27,219,134,266
290,108.jpg,1024,768,plate,63,235,104,245
291,109.jpg,1600,1071,car_rear,172,423,968,877
292,109.jpg,1600,1071,plate,298,703,523,767
293,110.jpg,1024,768,car_front,109,399,597,656
294,110.jpg,1024,768,plate,180,536,335,611
295,111.jpg,1600,1200,car_front,1,850,763,1200
296,111.jpg,1600,1200,plate,84,1040,421,1151
297,112.jpg,1600,1200,car_front,1,706,638,1148
298,112.jpg,1600,1200,plate,59,1007,285,1130
299,113.jpg,1600,1200,car_front,343,527,1302,988
300,113.jpg,1600,1200,plate,650,831,971,903
301,114.jpg,1600,1071,car_front,637,459,1296,807
302,114.jpg,1600,1071,plate,899,683,1089,726
303,114.jpg,1600,1071,car_front,113,368,391,494
304,114.jpg,1600,1071,plate,246,440,296,459
305,114.jpg,1600,1071,car_front,1413,448,1600,571
306,114.jpg,1600,1071,plate,1543,510,1587,533
307,115.jpg,1600,1071,car_front,234,599,790,866
308,115.jpg,1600,1071,plate,338,727,502,779
309,116.jpg,1600,1195,car_front,309,574,862,932
310,116.jpg,1600,1195,plate,546,853,749,902
311,117.jpg,1600,1200,car_rear,87,79,960,1038
312,117.jpg,1600,1200,plate,278,479,542,616
313,118.jpg,1600,1200,car_front,131,368,976,914
314,118.jpg,1600,1200,plate,205,713,444,827
315,119.jpg,1600,1195,car_front,237,567,1262,917
316,119.jpg,1600,1195,plate,586,821,948,899
317,120.jpg,1600,1200,car_rear,153,600,1492,1056
318,120.jpg,1600,1200,plate,587,840,1058,934
319,121.jpg,586,383,car_front,300,146,487,251
320,121.jpg,586,383,plate,372,192,439,218
321,121.jpg,586,383,car_front,1,194,175,334
322,121.jpg,586,383,plate,1,269,107,312
323,122.jpg,1600,1071,car_front,653,401,1429,862
324,122.jpg,1600,1071,plate,1074,642,1292,712
325,123.jpg,1600,1067,car_rear,376,229,1214,901
326,123.jpg,1600,1067,plate,676,505,936,557
327,124.jpg,1600,1071,car_front,128,516,839,806
328,124.jpg,1600,1071,plate,345,716,574,777
329,125.jpg,768,1024,car_front,4,666,444,863
330,125.jpg,768,1024,plate,108,781,259,842
331,126.jpg,1600,1071,car_rear,284,188,1131,823
332,126.jpg,1600,1071,plate,577,516,832,572
333,126.jpg,1600,1071,car_front,22,315,458,512
334,126.jpg,1600,1071,plate,208,413,301,439
335,127.jpg,1024,768,car_rear,83,355,761,686
336,127.jpg,1024,768,plate,265,428,511,515
337,128.jpg,1600,1067,car_front,662,519,992,662
338,128.jpg,1600,1067,plate,808,593,917,625
339,129.jpg,1600,1200,car_front,347,601,958,920
340,129.jpg,1600,1200,plate,510,780,728,872
341,129.jpg,1600,1200,car_rear,134,259,411,577
342,129.jpg,1600,1200,plate,185,402,284,441
343,129.jpg,1600,1200,car_rear,762,199,859,268
344,129.jpg,1600,1200,plate,795,217,830,229
345,130.jpg,1600,1200,car_front,137,523,630,775
346,130.jpg,1600,1200,plate,230,658,388,704
347,131.jpg,1600,1068,car_rear,284,292,910,896
348,131.jpg,1600,1068,plate,455,730,693,811
349,132.jpg,1600,1071,car_front,221,467,893,922
350,132.jpg,1600,1071,plate,311,715,509,823
351,133.jpg,1600,1066,car_rear,66,497,845,816
352,133.jpg,1600,1066,plate,306,585,556,668
353,134.jpg,640,480,car_rear,2,1,635,439
354,134.jpg,640,480,plate,200,195,395,237
355,136.jpg,1600,1071,car_front,642,607,1179,818
356,136.jpg,1600,1071,plate,832,753,1026,798
357,136.jpg,1600,1071,car_rear,211,291,407,396
358,136.jpg,1600,1071,plate,278,319,352,345
359,137.jpg,1024,768,car_rear,136,320,824,591
360,137.jpg,1024,768,plate,368,385,572,440
361,138.jpg,1600,1071,car_rear,475,208,1274,896
362,138.jpg,1600,1071,plate,804,525,1075,588
363,139.jpg,1600,1200,car_front,339,564,1036,852
364,139.jpg,1600,1200,plate,553,744,771,809
365,140.jpg,600,400,car_front,238,209,488,329
366,140.jpg,600,400,plate,348,304,433,326
367,141.jpg,1600,1200,car_front,59,388,1595,992
368,141.jpg,1600,1200,plate,667,738,1256,880
369,142.jpg,1599,1273,car_front,76,736,1587,1246
370,142.jpg,1599,1273,plate,627,1068,1195,1199
371,143.jpg,1600,1200,car_rear,828,482,1391,843
372,143.jpg,1600,1200,plate,1116,549,1272,614
373,143.jpg,1600,1200,car_front,1449,482,1600,656
374,143.jpg,1600,1200,plate,1557,562,1600,598
375,144.jpg,1600,1200,car_front,385,691,1190,1008
376,144.jpg,1600,1200,plate,646,930,938,990
377,144.jpg,1600,1200,car_front,1070,194,1268,381
378,144.jpg,1600,1200,plate,1151,351,1198,368
379,145.jpg,1600,1200,car_front,648,558,1362,874
380,145.jpg,1600,1200,plate,947,759,1195,844
381,146.jpg,900,600,car_rear,167,73,881,516
382,146.jpg,900,600,plate,387,326,621,388
383,147.jpg,1600,1200,car_rear,443,191,1211,730
384,147.jpg,1600,1200,plate,699,485,957,543
385,147.jpg,1600,1200,car_front,328,474,450,530
386,147.jpg,1600,1200,plate,366,501,414,517
387,148.jpg,800,533,car_front,486,250,790,391
388,148.jpg,800,533,plate,622,343,717,371
389,149.jpg,699,525,car_rear,41,307,679,525
390,149.jpg,699,525,plate,244,395,472,442
391,150.jpg,460,350,car_front,108,154,349,245
392,150.jpg,460,350,plate,183,207,266,223
393,151.jpg,1632,1224,car_rear,239,446,1474,1086
394,151.jpg,1632,1224,plate,653,592,1079,683
395,152.jpg,1024,550,car_front,307,253,564,438
396,152.jpg,1024,550,plate,378,369,459,420
397,152.jpg,1024,550,car_front,77,205,191,332
398,152.jpg,1024,550,plate,93,280,127,316
399,153.jpg,1600,1200,car_rear,218,578,1345,992
400,153.jpg,1600,1200,plate,573,779,985,877
401,154.jpg,1600,1200,car_front,358,725,1234,1093
402,154.jpg,1600,1200,plate,640,976,930,1038
403,155.jpg,1280,960,car_rear,224,92,1046,816
404,155.jpg,1280,960,plate,508,459,804,522
405,156.jpg,810,542,car_front,458,326,747,491
406,156.jpg,810,542,plate,617,438,697,470
407,157.jpg,1360,765,car_front,238,386,493,479
408,157.jpg,1360,765,plate,313,448,403,471
409,157.jpg,1360,765,car_front,798,360,1088,464
410,157.jpg,1360,765,plate,902,427,994,449
411,158.jpg,520,392,car_front,1,24,424,317
412,158.jpg,520,392,plate,142,205,296,248
413,159.jpg,1599,1091,car_front,276,527,1150,887
414,159.jpg,1599,1091,plate,492,805,782,883
415,160.jpg,698,321,car_front,146,126,677,316
416,160.jpg,698,321,plate,400,242,557,281
417,161.jpg,640,525,car_rear,91,245,508,488
418,161.jpg,640,525,plate,223,290,358,318
419,161.jpg,640,525,car_rear,521,186,640,277
420,161.jpg,640,525,plate,567,251,607,266
421,162.jpg,1600,1066,car_front,285,473,1322,853
422,162.jpg,1600,1066,plate,612,753,1006,838
423,163.jpg,800,535,car_front,153,249,378,376
424,163.jpg,800,535,plate,205,317,279,353
425,164.jpg,900,630,car_front,65,217,840,552
426,164.jpg,900,630,plate,319,388,615,453
427,165.jpg,800,536,car_rear,137,124,499,461
428,165.jpg,800,536,plate,232,284,339,318
429,166.jpg,460,266,car_front,1,1,457,181
430,166.jpg,460,266,plate,83,126,301,174
431,167.jpg,900,675,car_rear,90,315,740,603
432,167.jpg,900,675,plate,274,383,478,430
433,167.jpg,900,675,car_rear,1,258,80,321
434,167.jpg,900,675,plate,3,297,42,310
435,168.jpg,900,675,car_front,1,252,899,620
436,168.jpg,900,675,plate,325,533,580,591
437,169.jpg,800,600,car_rear,217,217,610,426
438,169.jpg,800,600,plate,348,363,476,391
439,171.jpg,785,626,car_rear,59,195,678,518
440,171.jpg,785,626,plate,260,251,449,295
441,172.jpg,785,524,car_rear,343,60,753,437
442,172.jpg,785,524,plate,497,256,613,283
443,173.jpg,960,720,car_front,3,222,960,640
444,173.jpg,960,720,plate,292,436,703,531
445,174.jpg,640,480,car_front,42,161,595,396
446,174.jpg,640,480,plate,212,307,422,356
447,175.jpg,630,420,car_rear,152,104,506,309
448,175.jpg,630,420,plate,265,273,394,301
449,176.jpg,960,640,car_front,331,254,881,515
450,176.jpg,960,640,plate,581,402,718,436
451,177.jpg,533,400,car_front,156,97,533,291
452,177.jpg,533,400,plate,248,212,449,264
453,178.jpg,295,249,car_front,7,86,294,209
454,178.jpg,295,249,plate,102,153,208,174
455,179.jpg,1295,846,car_rear,581,394,1263,745
456,179.jpg,1295,846,plate,864,539,1083,592
457,182.jpg,1680,1050,car_front,766,487,1657,913
458,182.jpg,1680,1050,plate,1162,811,1461,918
459,183.jpg,1600,1290,car_rear,403,740,557,913
460,183.jpg,1600,1290,plate,437,817,490,842
461,183.jpg,1600,1290,car_rear,464,804,755,1075
462,183.jpg,1600,1290,plate,519,991,616,1034
463,183.jpg,1600,1290,car_rear,1096,836,1300,969
464,183.jpg,1600,1290,plate,1144,921,1219,948
465,183.jpg,1600,1290,car_rear,1434,829,1599,930
466,183.jpg,1600,1290,plate,1475,856,1540,882
467,185.jpg,604,453,car_rear,83,173,516,374
468,185.jpg,604,453,car_rear,219,228,374,261
469,188.jpg,637,358,car_rear,374,96,613,267
470,188.jpg,637,358,plate,445,182,533,207
471,188.jpg,637,358,car_rear,19,149,181,247
472,188.jpg,637,358,plate,64,171,117,193
473,189.jpg,680,546,car_rear,49,164,653,475
474,189.jpg,680,546,plate,237,219,450,269
475,190.jpg,3279,2235,car_front,611,1211,1299,1552
476,190.jpg,3279,2235,plate,835,1422,1040,1471
477,192.jpg,650,371,car_front,140,115,470,258
478,192.jpg,650,371,plate,249,198,372,224
479,193.jpg,1080,720,car_front,302,443,760,625
480,193.jpg,1080,720,plate,420,539,572,576
481,194.jpg,1920,730,car_front,565,370,923,545
482,194.jpg,1920,730,plate,744,458,860,487
483,194.jpg,1920,730,car_rear,1126,262,1490,561
484,194.jpg,1920,730,plate,1290,388,1413,416
485,195.jpg,480,360,car_rear,37,1,375,302
486,195.jpg,480,360,plate,175,150,293,178
487,196.jpg,259,194,car_rear,50,75,210,171
488,196.jpg,259,194,plate,108,96,170,116
489,197.jpg,259,194,car_rear,19,50,243,180
490,197.jpg,259,194,plate,97,87,182,111
491,198.jpg,259,194,car_front,1,21,259,144
492,198.jpg,259,194,plate,77,86,189,111
493,200.jpg,1024,682,car_front,155,301,375,449
494,200.jpg,1024,682,plate,183,384,242,412
495,200.jpg,1024,682,car_front,445,354,771,530
496,200.jpg,1024,682,plate,507,452,599,491
497,201.jpg,1024,768,car_rear,37,212,516,667
498,201.jpg,1024,768,plate,109,297,276,383
499,202.jpg,576,432,car_rear,152,141,417,355
500,202.jpg,576,432,plate,249,231,330,247
501,202.jpg,576,432,car_rear,463,173,568,270
502,203.jpg,1400,500,car_rear,36,1,1172,500
503,203.jpg,1400,500,plate,565,254,919,334
504,204.jpg,2029,1422,car_front,69,604,1148,1236
505,204.jpg,2029,1422,plate,230,927,606,1060
506,205.jpg,968,544,car_front,63,232,432,414
507,205.jpg,968,544,plate,234,319,352,364
508,206.jpg,1300,956,car_front,108,440,532,692
509,206.jpg,1300,956,plate,152,549,293,598
510,207.jpg,960,640,car_front,2,249,960,639
511,207.jpg,960,640,plate,236,425,713,537
512,208.jpg,550,260,car_rear,174,107,473,258
513,208.jpg,550,260,plate,283,160,386,186
514,209.jpg,1408,1056,car_rear,146,410,881,804
515,209.jpg,1408,1056,car_rear,1027,404,1275,563
516,209.jpg,1408,1056,plate,1112,438,1200,461
517,209.jpg,1408,1056,plate,397,500,629,558
518,210.jpg,500,375,car_front,131,194,489,350
519,210.jpg,500,375,plate,276,287,390,317
520,212.jpg,1123,570,car_front,608,189,1005,416
521,212.jpg,1123,570,plate,796,296,910,325
522,213.jpg,420,280,car_front,41,113,376,230
523,213.jpg,420,280,plate,148,175,270,203
524,214.jpg,800,600,car_front,92,282,701,529
525,214.jpg,800,600,plate,280,400,508,451
526,215.jpg,581,355,car_front,58,171,256,288
527,215.jpg,581,355,plate,97,235,160,265
528,216.jpg,1600,1200,car_front,538,576,1191,836
529,216.jpg,1600,1200,plate,800,694,989,746
530,216.jpg,1600,1200,car_front,73,416,400,555
531,216.jpg,1600,1200,plate,204,493,310,520
532,217.jpg,460,350,car_rear,133,114,334,283
533,217.jpg,460,350,plate,205,205,275,223
534,218.jpg,460,350,car_rear,155,75,389,271
535,218.jpg,460,350,plate,242,170,324,190
536,219.jpg,1300,934,car_rear,403,341,1112,726
537,219.jpg,1300,934,plate,654,415,895,475
538,220.jpg,1024,576,car_front,84,283,666,576
539,220.jpg,1024,576,plate,255,478,428,565
540,221.jpg,550,347,car_rear,288,158,512,262
541,221.jpg,550,347,plate,373,225,451,245
542,222.jpg,800,500,car_front,446,216,732,395
543,222.jpg,800,500,plate,619,294,703,326
544,223.jpg,1920,1280,car_front,530,690,921,928
545,223.jpg,1920,1280,plate,583,789,714,847
546,224.jpg,600,400,car_front,143,200,457,333
547,224.jpg,600,400,plate,244,266,359,294
548,225.jpg,1000,667,car_rear,270,333,744,542
549,225.jpg,1000,667,plate,424,398,589,435
550,226.jpg,512,324,car_rear,126,96,505,291
551,226.jpg,512,324,plate,290,143,414,174
552,227.jpg,512,345,car_front,88,119,504,312
553,227.jpg,512,345,plate,271,242,393,267
554,228.jpg,604,336,car_rear,41,141,412,331
555,228.jpg,604,336,plate,155,182,271,209
556,229.jpg,1300,932,car_rear,503,315,1255,748
557,229.jpg,1300,932,plate,752,461,1009,516
558,230.jpg,1300,931,car_rear,286,276,874,758
559,230.jpg,1300,931,plate,529,425,731,516
560,231.jpg,800,581,car_rear,40,38,721,581
561,231.jpg,800,581,plate,220,297,457,366
562,232.jpg,533,441,car_rear,39,141,493,371
563,232.jpg,533,441,plate,190,192,351,229
